NAME, VALUE
cruise,     AR     V  alpha      CL       CD       CDi          K
0  8.0  15.0 -0.619  0.3129  0.01047  0.004101  21.474747
