NAME, VALUE
cruise,          AR     V  alpha      CL       CDi          K       CD
0  5.555556  20.0 -0.913  0.2632  0.004178  16.809274  0.01148
