NAME, VALUE
cruise,          AR     V  alpha      CL       CDi          K       CD
0  8.888889  20.0 -0.999  0.2633  0.002613  45.137797  0.00322
