NAME, VALUE
cruise,          AR     V  alpha   CL       CDi          K       CD
0  6.666667  16.0 -0.645  0.3  0.004523  19.165225  0.01113
