NAME, VALUE
cruise,          AR     V  alpha      CL       CDi          K       CD
0  8.333333  15.0   -0.6  0.3129  0.003937  21.465943  0.01064
