NAME, VALUE
cruise,          AR     V  alpha      CL       CDi          K       CD
0  5.555556  20.0 -1.033  0.2632  0.004178  17.738212  0.01066
