NAME, VALUE
cruise,          AR     V  alpha      CL       CDi          K     CD
0  7.777778  20.0  -0.92  0.2632  0.002984  23.961468  0.008
