NAME, VALUE
wing_area, 0.2579867466323644
AR, 8.0
ba, 0.17957823734808612
wingspan, 1.436625898784689
foil1_perimeter, 2.0297925725836388
foil1_area, 0.06080160379999998
aft_area, 0.06177174029254307
keel_area, 0.030885870146271536
V_dihedral, 35.264389682754654
Vtail_area, 0.09265761043881461
P_cruise, 0.737010701921786
Energy, 86144.10801683215
wire_length, 2.996625898784689
