NAME, VALUE
wing_area, 0.10205695047243613
AR, 5.555555555555555
ba, 0.13553689934862206
wingspan, 0.3214697882633728
aft_area, 0.018443310165346512
keel_area, 0.0027340188549316306
V_dihedral, 21.05761633736933
Vtail_area, 0.021177329020278142
P_cruise, 0.5279501286889933
wire_length, 1.7207348941316865
