NAME, VALUE
wing_area, 0.08412898770413252
AR, 5.555555555555555
ba, 0.12305778230873436
wingspan, 0.21844711642352097
aft_area, 0.013803635539665774
keel_area, 0.0015314778976331335
V_dihedral, 18.42228265920865
Vtail_area, 0.015335113437298906
P_cruise, 0.4592581407308307
wire_length, 1.6692235582117605
