NAME, VALUE
wing_area, 0.3054504693848956
AR, 7.777777777777778
ba, 0.19817215547757822
wingspan, 5.644073423611357
aft_area, 0.08070903721285705
keel_area, 0.143665406373742
V_dihedral, 53.147596586369346
Vtail_area, 0.22437444358659897
P_cruise, 1.169735150207624
wire_length, 4.382036711805679
