NAME, VALUE
wing_area, 0.1649349306579769
AR, 6.666666666666667
ba, 0.1572903035749392
wingspan, 1.048602023832928
foil1_perimeter, 2.0297925725836388
aft_area, 0.034590220417739646
keel_area, 0.014412591840724857
V_dihedral, 32.84213041441176
Vtail_area, 0.049002812258464507
P_cruise, 0.5759592089948217
wire_length, 2.084301011916464
