NAME, VALUE
wing_area, 100752679.47641413
AR, 8.88888888888889
ba, 3366.7011214386985
wingspan, 8.020624135646058e+17
foil1_perimeter, 2.0297925725836388
aft_area, 452272211974.9296
keel_area, 6.734161439496154e+24
V_dihedral, 89.99998515156018
Vtail_area, 6.734161434818415e+24
P_cruise, 204821910.92757067
wire_length, 4.010312067823029e+17
