NAME, VALUE
wing_area, 0.2574199068562285
AR, 8.333333333333334
ba, 0.17575661814778817
wingspan, 1.4646384845649014
foil1_perimeter, 2.0297925725836388
foil1_area, 0.06080160379999998
aft_area, 0.06032433636395915
keel_area, 0.031418925189562054
V_dihedral, 35.81752564444358
Vtail_area, 0.0917432615535212
P_cruise, 0.7356929761087969
wire_length, 3.0246384845649015
